<?xml version="1.0" encoding="UTF-8"?>
<definitions xmlns="http://www.omg.org/spec/BPMN/20100524/MODEL" xmlns:xsi="http://www.w3.org/2001/XMLSchema-instance" xmlns:xsd="http://www.w3.org/2001/XMLSchema" xmlns:flowable="http://flowable.org/bpmn" xmlns:bpmndi="http://www.omg.org/spec/BPMN/20100524/DI" xmlns:omgdc="http://www.omg.org/spec/DD/20100524/DC" xmlns:omgdi="http://www.omg.org/spec/DD/20100524/DI" typeLanguage="http://www.w3.org/2001/XMLSchema" expressionLanguage="http://www.w3.org/1999/XPath" targetNamespace="http://www.flowable.org/processdef" exporter="Flowable Open Source Modeler" >
  <process id="getQuote" name="getQuote" isExecutable="true">
    <documentation>demo.</documentation>
    <serviceTask id="NOD-T1-getQuoate" name="getQuote" flowable:parallelInSameTransaction="true" flowable:type="http">
      <extensionElements>
        <flowable:field name="requestMethod">
          <flowable:string><![CDATA[GET]]></flowable:string>
        </flowable:field>
        <flowable:field name="requestUrl">
          <flowable:string><![CDATA[https://api.kanye.rest]]></flowable:string>
        </flowable:field>
        <flowable:field name="requestTimeout">
          <flowable:string><![CDATA[30]]></flowable:string>
        </flowable:field>
        <flowable:field name="responseVariableName">
          <flowable:string><![CDATA[response]]></flowable:string>
        </flowable:field>
        <flowable:field name="saveResponseParameters">
          <flowable:string><![CDATA[true]]></flowable:string>
        </flowable:field>
        <flowable:field name="resultVariablePrefix">
          <flowable:string><![CDATA[t1]]></flowable:string>
        </flowable:field>
        <flowable:field name="saveResponseVariableAsJson">
          <flowable:string><![CDATA[true]]></flowable:string>
        </flowable:field>
      </extensionElements>
    </serviceTask>
    <endEvent id="NOD-E2-end" name="end"></endEvent>
    <startEvent id="NOD-E1-start" name="start" flowable:formFieldValidation="true"></startEvent>
    <sequenceFlow id="sid-A3E1C7A8-5ABD-4E1D-98B8-67843A50341F" sourceRef="NOD-E1-start" targetRef="NOD-T1-getQuoate"></sequenceFlow>
    <sequenceFlow id="sid-51F407B5-28DE-43DF-8B79-FC47E2E2FA2B" sourceRef="NOD-T1-getQuoate" targetRef="NOD-E2-end"></sequenceFlow>
  </process>
  <bpmndi:BPMNDiagram id="BPMNDiagram_getQuote">
    <bpmndi:BPMNPlane bpmnElement="getQuote" id="BPMNPlane_getQuote">
      <bpmndi:BPMNShape bpmnElement="NOD-T1-getQuoate" id="BPMNShape_NOD-T1-getQuoate">
        <omgdc:Bounds height="82.99999995231629" width="100.0" x="284.99999150633835" y="119.99999642372141"></omgdc:Bounds>
      </bpmndi:BPMNShape>
      <bpmndi:BPMNShape bpmnElement="NOD-E2-end" id="BPMNShape_NOD-E2-end">
        <omgdc:Bounds height="28.0" width="28.0" x="479.99998569488565" y="162.49998222328867"></omgdc:Bounds>
      </bpmndi:BPMNShape>
      <bpmndi:BPMNShape bpmnElement="NOD-E1-start" id="BPMNShape_NOD-E1-start">
        <omgdc:Bounds height="30.0" width="30.0" x="44.99999966472387" y="161.4999951127919"></omgdc:Bounds>
      </bpmndi:BPMNShape>
      <bpmndi:BPMNEdge bpmnElement="sid-A3E1C7A8-5ABD-4E1D-98B8-67843A50341F" id="BPMNEdge_sid-A3E1C7A8-5ABD-4E1D-98B8-67843A50341F" flowable:sourceDockerX="15.0" flowable:sourceDockerY="15.0" flowable:targetDockerX="50.0" flowable:targetDockerY="41.49999997615814">
        <omgdi:waypoint x="74.94987048691364" y="176.43697106349384"></omgdi:waypoint>
        <omgdi:waypoint x="179.0" y="176.0"></omgdi:waypoint>
        <omgdi:waypoint x="179.0" y="161.0"></omgdi:waypoint>
        <omgdi:waypoint x="284.99999150633835" y="161.33974113478257"></omgdi:waypoint>
      </bpmndi:BPMNEdge>
      <bpmndi:BPMNEdge bpmnElement="sid-51F407B5-28DE-43DF-8B79-FC47E2E2FA2B" id="BPMNEdge_sid-51F407B5-28DE-43DF-8B79-FC47E2E2FA2B" flowable:sourceDockerX="50.0" flowable:sourceDockerY="41.49999997615814" flowable:targetDockerX="14.0" flowable:targetDockerY="14.0">
        <omgdi:waypoint x="384.94999150633544" y="161.24226631941664"></omgdi:waypoint>
        <omgdi:waypoint x="432.0" y="161.0"></omgdi:waypoint>
        <omgdi:waypoint x="432.0" y="176.0"></omgdi:waypoint>
        <omgdi:waypoint x="480.00017990581046" y="176.38708658017066"></omgdi:waypoint>
      </bpmndi:BPMNEdge>
    </bpmndi:BPMNPlane>
  </bpmndi:BPMNDiagram>
</definitions>